{
  "accuracy": 0.9995990836197022,
  "f1_weighted": 0.9995995925091643,
  "partition": null
}