{
  "accuracy": 0.9985395189003436,
  "f1_weighted": 0.9985399169151589,
  "partition": null
}