{
  "accuracy": 0.990909090909091,
  "f1_weighted": 0.9911099952271101
}